CSD,mean,median,stdev,skew,kurtosis,zsum,nonzero
2183.0,0.003704340883693643,0.0013539040834933957,1.902468768505295,-0.02020398916676994,278.463984645913,0.12533460451856923,0.593505859375
2170.0,-0.016429726216168238,-0.0002759603371671471,10.666265840335203,-0.01098204085204721,353.10421321174397,0.10198909656192522,0.531982421875
1989.0,-0.007303323359364417,-1.4833698026003872e-05,1.1791131726660116,0.16524937076676438,751.1683102056932,0.15007820390114168,0.3876953125
2102.0,0.0008773678164105888,0.003201098886272947,11.86833402155667,0.20767918582680678,874.2437722157146,0.18893373575776126,0.35009765625
1842.0,-0.011684988463505878,0.0008091751198217312,14.89929113010313,-0.01756287309249141,914.693981605128,0.1119803820761843,0.60205078125
1906.0,0.004905245415488784,-0.0004420836132637586,1.148431994224316,0.16358678840203233,353.0104051930018,0.1235912660918153,0.595458984375
2114.0,-0.008127492583588415,0.0017880062769859238,4.370502343807702,-0.037334978249550156,884.2808368097627,0.17126272607851425,0.423095703125
2033.0,0.00043304608405200264,0.0010814658962344514,12.394406435505815,0.15235328569083884,1589.385115946867,0.0566894283086927,0.33642578125
1812.0,0.008702340949384381,0.003561341142037794,22.96436011608757,0.015748822494147482,185.67933490083493,0.07264123906330022,0.5439453125
1862.0,0.0021796730471613833,0.0009200555546347439,1.031086156685889,83.22671565177636,15689.824288356012,0.09938077784708714,0.641845703125
2109.0,0.0011298350044827874,0.0016759911485238754,1.5061626412849332,0.23107094608787965,755.1447447978045,0.10459615006308419,0.382568359375
1924.0,0.000532683819964564,0.000949239004913914,0.508428674292673,0.0023604645374314475,445.1409497835292,0.15922899603687685,0.550537109375
2123.0,-0.00013003368749723082,0.0012915109425905222,1.34098831600673,-1.0479365178698996,5723.179961833118,0.10937000478528372,0.44384765625
1937.0,-0.0007193523997180225,4.2774985538264476e-05,0.520638662391965,0.006796603488622034,1386.4671876039943,0.15821209133973763,0.548583984375
2150.0,-0.0001887210719654653,0.00184984923792798,3.003513519917526,-0.012875621521204979,1864.2354476594307,0.1913537909421171,0.51220703125
1920.0,0.0006567893723133684,0.0005840474223847425,0.5534824498109502,-0.00971685132056086,296.6031433114711,0.15430965300791027,0.568603515625
2179.0,0.003665963021861152,0.0020730100953028335,1.5094657838268661,31.09393138954027,3424.6606627268397,0.08160898779684475,0.584228515625
1816.0,0.01407956236424009,0.009175645843773395,3.931939706510191,-17.91535736183531,5179.155300710329,0.23864081115469588,0.11376953125
2149.0,-0.0011579087642017098,-0.0016598897395909973,2.4091528511155733,0.13280282013697825,2687.4011571033857,0.2096106958726119,0.509765625
2234.0,0.004622826691230393,0.0006143033223187412,1.4291360169011202,-0.5058783685897327,303.32392001203834,0.1343740049348232,0.663818359375
1836.0,0.0028960439930460964,0.0006907195073489157,1.2448455145396546,0.05494624621736366,901.0288510609198,0.2000565277119857,0.5986328125
1885.0,0.0005148208391523926,0.0007888929438101024,0.6608336383507935,67.9846979951391,11745.974176569343,0.14429409239307944,0.65283203125
2077.0,0.004381362894374824,0.0019405410363847533,1.8427250555639825,1.7746271003657195,696.2197959593399,0.09174822118140306,0.318115234375
2071.0,0.0048666806085429755,0.0027190997921775345,1.707442846875365,298.660244604428,115597.448849894,0.08841956598349397,0.3134765625
2138.0,-0.016823444610273453,0.0028038949314805536,29.049337033743814,0.028165709403874098,651.3286881168891,0.14119682212852333,0.453369140625
2036.0,-0.005101912254307279,-0.0013308090854745463,0.9405926193710393,0.24029696572712858,795.522372147761,0.13287212974083182,0.3349609375
2151.0,0.0008858314707894362,0.0016331414872201092,0.7464544785734522,72.60356206514463,21781.68879512143,0.1413400821975661,0.275390625
2241.0,0.00126567872221721,0.0021453963002297377,0.9016698162007002,1.0957417272279684,2143.407816311465,0.14086352213561606,0.6611328125
1864.0,0.00270103702297478,0.001772989367242444,2.066033185170561,83.70644422577605,16716.765979113563,0.06888269533483746,0.63427734375
1863.0,0.0032137499733624255,0.002107444460042544,1.0445389909433918,79.82284598327348,15389.095272969722,0.10828786394111276,0.634033203125
2146.0,-0.0004123673043052883,0.002262462377339864,1.5663770761649412,-0.02526264992625641,1103.1463280444416,0.15353465433181168,0.5009765625
1931.0,0.0014236208176025356,3.05721227030209e-05,0.728019524142778,0.0001343684351969601,671.4533324108888,0.1343990865190332,0.53515625
1982.0,-0.007301577525786656,-0.000617914809617981,0.3008901619102856,-0.1283767146662283,1457.8395264168419,0.31187723639355003,0.373046875
2060.0,-0.0008459151694024251,0.0002407040590641507,1.2028148056047985,0.2372451135982666,2762.4694382350363,0.187981998184423,0.33251953125
1928.0,0.0011487267229487975,0.0008528528349558695,0.6247853841328166,0.0581448686395352,1048.1677346815584,0.14509819104660673,0.54150390625
1990.0,-0.009871441303340323,-9.7568613854071e-06,1.1639945797077869,0.14824690915741645,1002.1889514980535,0.15040820642165345,0.384521484375
1896.0,-0.001731597645649927,-0.0014426900548558524,0.5371132862484675,0.009435323933069643,382.0318048724418,0.15835343835903337,0.6103515625
2164.0,0.0011750347289538094,0.0011889015732725952,3.9971053456743064,-0.0618447618750521,300.029101744246,0.16744970888969465,0.51904296875
2251.0,0.047443375059621096,0.012923246491311102,2.6874322416487817,461.63966202119644,294553.6827017988,0.14396630319429227,0.052734375
2014.0,-0.0050692198567233926,0.00013415569919660725,1.2205797342095273,0.07072035287812639,445.93970110650696,0.11053824731609267,0.335205078125
2082.0,0.03759546042015743,-0.0012794161962650652,44.03299436051673,-0.0803988378136875,1259.2745720052596,0.06818736124154232,0.2919921875
1963.0,0.0009782535776066891,-0.0013462288771106078,0.30450459151586234,0.009255860994884351,1049.4662100149885,0.3068871447516732,0.458740234375
2141.0,0.020017651200572598,0.0037820552646574412,7.018615763725588,-0.03327268855300281,523.6305556808019,0.07166868117674262,0.242919921875
2239.0,0.0007437144486621569,0.001888087711497316,1.0284706957469385,0.6549272075822843,408.1277993093889,0.12363490601129087,0.662353515625
2250.0,0.02394914917833986,0.013022675835636877,3.5474354547326126,-265.68136234468267,90910.06739155031,0.13729149152621856,0.051513671875
2083.0,0.003293795069232013,0.0023128783486797873,1.7290894944810737,0.0023099572108926966,1141.7840873155817,0.09668232582080064,0.342529296875
1934.0,0.002422684778385381,0.0009141562295807981,0.5679988848461487,0.04953481875725427,525.4659220273886,0.15368074002829016,0.526611328125
2039.0,-0.00432004269018846,-7.180737352052713e-05,1.4516030502688473,0.107678363215365,1619.0760667858228,0.1983368692671418,0.332763671875
2028.0,-0.004069730045359141,-0.0005430564545720884,2.3067669872974386,132.3487927734155,41814.603405709015,0.10883816258050456,0.342529296875
2197.0,0.0025964120380748325,0.0021115626561607273,1.1401885192355437,33.50838413502896,6963.586458738566,0.10197063829660476,0.5927734375
1979.0,-0.004906005952213794,0.0009610907277172523,0.3467712179319346,0.13711557920782966,2138.5607722374734,0.28233210609170123,0.440673828125
2027.0,,,,-0.4445817049915147,1303.9788711904089,,0.0
2223.0,-0.007732176442949276,-0.0032113181336367834,3.545829687115799,59.36622055480247,16789.672114248155,0.08577996447571007,0.502197265625
1930.0,0.003674346252485244,0.000930855872343192,0.6463560339015846,0.07088508096538886,729.101522213598,0.14558504982772064,0.53662109375
1899.0,0.003461924832313715,-0.0001798947585175681,0.7854473611900751,-0.0032565022915206077,327.4372179509872,0.132813622572186,0.60498046875
2162.0,0.014747222408621264,0.007402750973916336,2.6018355375862594,68.83735395404298,28311.839924432017,0.0803960420576897,0.172119140625
2147.0,-0.0008283727249243235,0.0006099622862995001,11.157430913611725,0.007088642593144184,317.5512231799578,0.0446812417947422,0.50439453125
2131.0,0.016738253601020294,0.008474022527740828,2.68716251350394,0.07663245554023645,952.5680412354027,0.10942413041457269,0.2333984375
1939.0,,,,36.978138641754505,5477.78255268365,,0.0
1811.0,-0.004833724478327615,-0.0008160032231345482,16.991342115109052,0.251831395596802,1002.2407568811795,0.09537946970657857,0.51220703125
1806.0,-0.00789531974505993,0.0016599464232546907,39.23593456883501,0.0514155379229615,757.236770594525,0.04739346035115874,0.55224609375
2117.0,0.006905600771500766,0.00408052399413128,1.6175131469131452,-0.05534235445179763,636.9582951495009,0.09031468234881526,0.281982421875
2189.0,0.004214957430885927,0.0022754146133258032,19.911646404277477,0.017060075246191336,245.3023119637681,0.03177450655093746,0.588623046875
1983.0,-0.06764970515727955,0.03111124299621104,14.838046846339264,0.08337883839417225,544.605782305475,0.6540724419300913,0.009521484375
1797.0,-0.001560074466868219,-0.0004962790642914494,5.553425529706622,-0.06708541471732933,657.3303975799261,0.14465269738274736,0.52392578125
2085.0,0.0019448876151596487,0.0021835513917542876,1.2990502213832027,-0.05157525336817729,673.2265816474255,0.10536153269883888,0.361083984375
2257.0,0.0010270669604243961,0.0002614357677051954,0.7459296511790039,0.21782789589720422,215.5548270143278,0.1440252974413163,0.61572265625
2104.0,-0.07034719585486086,0.002595050304835554,6.3849743804603705,0.11792490456047806,1688.2776342656218,0.182106155932366,0.36962890625
1859.0,0.0017662125706475406,0.0012366661718844485,1.5005691094757845,60.090156963410195,15582.989180409544,0.08618490441058967,0.62451171875
2041.0,-0.004963725059417829,-0.0007407552915889987,1.5931914889563457,0.14977708147488156,989.4617779167246,0.20900996042579925,0.302490234375
2046.0,0.00304202377063014,-0.0009996335665254236,1.193522861014248,-0.08224098608686965,1236.7199505890806,0.09686284428523315,0.2978515625
1915.0,-0.017843826141615393,-0.002134845259663412,0.8791600397811855,93.81895637331316,41656.904242176846,0.21494083409906434,0.599609375
2178.0,0.00513941643419088,0.0016574009544750024,1.7499236744324327,0.02206450266088058,342.71307857535606,0.08533227677558748,0.581787109375
2101.0,-0.0073475585527615185,0.0043757070604860115,13.417618765498863,-0.24111654832256493,1378.526817526114,0.15113027576586843,0.3623046875
1981.0,-0.005026185129857756,0.0007853024479962528,0.337664398364079,0.07269107066408062,858.955162142781,0.2638481734720386,0.406982421875
2031.0,-0.008173922908750653,-0.00020541719053238094,1.4560734580155315,0.32372736993038026,1569.6774508758913,0.21568188468403882,0.339599609375
1889.0,0.0038373009870830387,-0.0007915398235303905,0.6615746741503572,0.15672665620887413,278.55697996411755,0.17279898185990133,0.63525390625
2087.0,0.0027588514469315322,0.0014640874288278372,1.3666618929145071,0.18177205591201534,658.5917728237231,0.09729480884865355,0.364013671875
2081.0,0.003678921300809252,0.0029777824073815296,1.4142930210038034,0.2932865173306892,1038.3210837586887,0.10010323699879385,0.3388671875
1984.0,-0.006099287775280543,0.00033354060860996126,0.5147186389213144,-0.02142818828195605,851.5262753935297,0.20822925072609,0.400634765625
1815.0,-0.008578435009084194,-0.00024503411357285065,41.626560513188714,0.016098005468313494,467.8170913171908,0.0519313845539283,0.448486328125
1992.0,-0.007880175152501313,9.652070075141794e-05,1.2334085066893479,0.39962590585241303,1576.4177101440598,0.15703803582405407,0.407958984375
1804.0,-0.0046274204133848066,-9.680671373898941e-05,1.954298708354423,0.18058629273228044,813.9292613173304,0.11314910633772134,0.3271484375
1844.0,0.00536466521600128,0.0020261409430833432,3.2681834757941806,66.11442983429015,20757.42199205214,0.11596138177078874,0.611083984375
2255.0,0.012864589324014075,0.007915271188224271,0.48807948019989306,-62.497840024724816,18352.82954365407,0.371899701066603,0.05419921875
2106.0,0.0006699695300084121,0.0014825550065238032,1.1333642152609726,0.14182344326503576,1808.3152081479063,0.14803397976019692,0.375732421875
2247.0,0.02271998677161578,0.012774763592481808,2.4119137772805717,-19.81422984505904,15025.942291619942,0.23244166720879234,0.048583984375
1933.0,0.0022701242253875364,0.0005453091318413095,0.5500950076169125,0.016329338674659737,771.5672892079191,0.15536824717201836,0.529296875
2011.0,-0.011981872225480274,-0.0009326259966410122,0.34488359901351123,102.0450025335082,24438.74969083026,0.30556280090419824,0.340087890625
2187.0,-0.02450840053022427,0.0003971561056320405,113.70139182771896,-0.02193098023806677,257.07381326819973,0.11746982566339577,0.572021484375
1873.0,0.0027573881385213237,0.0018162746736087032,1.1644619191851775,24.251403834538717,4992.85136914076,0.09782039843067447,0.630859375
2115.0,-0.0036099725667850632,0.002077340565577346,1.6622961843703608,-0.07005018092509022,889.5516190411989,0.13869432518391048,0.42529296875
2072.0,0.0029177689505104506,0.0011155234573062903,1.5263320612238558,0.043667728774214126,1187.617218168206,0.11188138459124473,0.314208984375
1843.0,-0.0010159956062640988,0.000332470649659633,1.703580125881785,81.04996267868972,18351.323883694546,0.2542337286543033,0.611572265625
1932.0,0.002417663706508298,0.0014408313268839124,0.5536413563641575,-0.04214178061383188,595.8275328160292,0.15073562237715282,0.53173828125
2035.0,-0.02093266352919226,-0.0025572881809907827,105.64199909370703,-0.06355675590181468,496.47758642612007,0.1755739193238921,0.335205078125
1883.0,-0.020232657476914585,-0.002495259927270052,5.210700531404809,48.90753253314487,14506.680683353357,0.04552908488310351,0.652587890625
1838.0,0.004251343899187648,0.0008153190396865857,1.1884250442633157,0.05576122275829719,929.6202913712078,0.20248901754826154,0.60791015625
2078.0,0.006881102587450373,0.004528091315584876,1.6358954260894367,0.5821682746940627,904.587523337473,0.09639203712225326,0.320068359375
1893.0,0.000639063823257722,-0.0005943970665198556,0.5911500267385019,0.023769732658176418,261.38323613222127,0.14357347569777354,0.6162109375
1891.0,-0.0007929272167426155,-0.0003647707046663534,0.26624348136752946,4.472833996697265,1040.2014787372473,0.3202565108799871,0.494384765625
2173.0,-0.009162863462415467,-0.0069521119439209245,239.55031261868064,-0.00034459632198692,519.7371178036786,0.15969514682807726,0.5693359375
1980.0,-0.0020311114484033326,0.0010404962878962087,0.27648031503743575,0.0022269214899974144,953.43249982952,0.3174937210753094,0.43310546875
1881.0,-9.366910190063898e-05,0.0007682779602035117,0.8126519108896268,69.29610909159705,15852.732900641151,0.12362154365225321,0.655517578125
1923.0,-0.0014331450679910662,9.078426959854835e-05,0.2470400206234948,0.009394457187229305,616.3633175059209,0.32323013729558403,0.553466796875
1814.0,0.014400115355822458,-0.004282846528260831,7.152019660373186,-0.028386047277532973,497.6906997057031,0.16989145225721322,0.540283203125
1813.0,-0.014204196086610336,-0.0026208121554018235,62.70299692877532,12.936024301078417,2074.939878970282,0.15385876521033473,0.5517578125
1916.0,-0.024130731369353346,-0.00047141121796338836,1.9964558815666313,88.73019293800903,37077.49240412705,0.121677738171843,0.5986328125
1902.0,0.0035586163614366863,0.0006513648311115144,1.1745025805061398,0.13118942792929875,349.69281277371783,0.10109348764318622,0.599853515625
2107.0,3.093069239671686e-05,0.0027608602057213067,1.5137267764820705,0.4394682977909764,1425.5091614687033,0.11500505195689745,0.3896484375
1962.0,4.149065209415819e-05,-0.0007300263973839122,0.23244777824711327,-0.0019215024704556263,570.5788660519197,0.3318251250872607,0.454345703125
1966.0,-0.0008658751229574819,0.00020080346878881966,1.581960670917301,0.039094868790991444,707.656327349825,0.08083499877913293,0.473876953125
1809.0,0.007161621197572727,-0.0010847545467968234,19.672262677629373,0.061970162039869214,599.1869914536542,0.056758443189315604,0.4423828125
1845.0,0.016501524402978036,0.0008505174425956219,0.6424546313056709,12.516290251663888,2568.31333587049,0.3672837433231156,0.04150390625
1919.0,0.00037632459495858894,0.000298786351432781,0.5878728993758192,0.03390965051262133,305.49116957499604,0.14881623373924735,0.59130859375
2132.0,-0.01767667953545158,0.0019520744208709612,35.13728570856184,-0.017825343201041653,402.83963456305554,0.09269197984818953,0.436767578125
1952.0,-0.0008249038429920737,-0.00031520188417545614,0.4839253035312885,0.04139336853060019,655.3595837038022,0.18423604651425907,0.479736328125
2221.0,0.004811813602411245,0.0018800509610267108,1.1292831663675944,0.19899666346927333,346.65019540955217,0.10754419980725338,0.628662109375
2248.0,0.003344975117016899,0.0018736414755674557,0.8170398469283372,-0.4545056878630421,1356.3185538529228,0.149904356229197,0.6279296875
2129.0,-0.009350705866354421,-0.003135040885707721,107.81199952207943,-0.005327169271851381,352.2717750543601,0.17461513066666703,0.422119140625
1861.0,0.0025454113735139143,0.0011052559362118852,1.2165975587635214,81.87730923582312,16344.185768674806,0.09478750183542337,0.654541015625
1969.0,-0.0003637606261222803,0.0007721803322306951,0.2464213058604371,0.021429922664035036,815.0302716261784,0.32393779701149744,0.466796875
2119.0,-0.0025075049673438893,0.0009324026497581489,3.253029243485064,-0.09200596000662933,1150.0952734986602,0.06531886555617232,0.434814453125
2252.0,0.0028215908753753704,0.004856632347232048,1.363081066040974,-367.1001010823207,149004.8227305478,0.19810302659327075,0.052978515625
2037.0,-0.006134861253233625,-0.0010772883727744632,1.9048897966518439,0.07443722788832945,1716.430758054135,0.1657178698433659,0.333740234375
2191.0,0.007295895089171465,0.002267246228818527,13.787823299278688,-0.04550224418462908,246.41093187473476,0.03969510374362803,0.582275390625
2032.0,-0.004434631288308927,0.0008473980739096901,1.7411633148805814,0.08629950802614095,1367.824378290292,0.15890241697802973,0.338134765625
2195.0,0.002755846948595834,0.0011256201406170951,1.4233254803456004,4.666746648655284,829.1590314633386,0.10656626539365427,0.588623046875
1871.0,0.001516839444818346,0.0008363180177257887,1.051476358247347,22.87416049844429,4684.141272427552,0.0969225269993147,0.6298828125
1938.0,1.8443762332969184e-05,0.0004205415764671275,0.8439837384722124,0.05566987475232595,1436.3595871676664,0.1219510116908935,0.505615234375
1867.0,0.005251060852710073,0.002365767639971851,1.629756889392583,0.508445130709641,1561.4154601370465,0.07518473427704156,0.631103515625
2240.0,0.0016864752342540693,0.0022689313807604944,0.9634439409657288,-0.27021490729118863,452.9654977867669,0.1387980639042415,0.661865234375
2198.0,0.001593754212279454,0.0004727985764937659,1.5632093961125675,1.0443424352439932,456.06555864795655,0.12652970294893073,0.59423828125
2144.0,-0.0009278650996689828,-0.0005480222359822082,2.1966116620929776,-0.017819252383774308,441.59383543784566,0.17575638240070768,0.496337890625
1954.0,0.00027064797229253674,0.0005201475930304081,0.2546107205795935,0.26649850674820713,1580.692779889939,0.31272169723667625,0.475830078125
2136.0,-0.009456899618885548,-0.0009036583245799201,113.15361376123457,-0.04779629970974116,1377.4829800868501,0.13899735347863612,0.44921875
2113.0,-0.0030045233699715185,0.00011911036981435141,2.677187603021487,0.017355534155275375,572.8328790347953,0.18224950562931744,0.420166015625
2118.0,-0.001881395650802512,-0.0005132590731796935,11.264642223775608,-0.11893070970559501,1310.805922566552,0.03284873463977633,0.4150390625
2013.0,-0.006631238011306531,-0.0010153523336581607,0.4430607358179419,0.5147515695200413,741.3747445020953,0.276668501839416,0.337158203125
2260.0,-0.0005742746315157046,-0.0005434757267009649,0.5626397535871723,0.5312026878014331,767.5029095574907,0.17403323700985718,0.615234375
1967.0,-0.0015837098946770902,0.0005402207071799024,0.3794195109152993,0.09200724902106858,594.8776910103281,0.21394373476684375,0.471435546875
1869.0,0.0023218353427055314,0.001882648726760295,0.9714553508711944,50.13268576739429,11348.424706105092,0.10345995778658502,0.632568359375
1878.0,0.0020946691448986542,0.0012655619071224866,1.0350934288540814,5.510208997357884,814.0997665792107,0.10434644474388326,0.656982421875
1805.0,0.005778456176507192,0.0004254887972278826,2.352073631127984,0.01653754969720051,242.1519809666334,0.1854089788207839,0.18212890625
2122.0,0.000766146771964898,0.0023732432775676326,1.4292771076646273,-4.688443134730431,3123.15232802962,0.10472755930766207,0.44189453125
2184.0,0.0006437027436249716,0.0020721761029972446,1.227396860489908,0.0040851584696474375,283.321098884951,0.10354925745407009,0.551513671875
2237.0,0.0026735862350711365,0.0017121069204361627,0.9160294696169041,-0.03454106444861422,477.3014003276689,0.14716153784572936,0.662841796875
2134.0,0.0019962899929425997,0.0011318905700193616,1.6952067078444597,0.02070260945386454,779.3918323140265,0.09498259905644166,0.444091796875
1987.0,0.0012209563489900303,-0.00016741296085402702,2.9198079716703775,1.8877121186822843,877.5957945756616,0.19380104739986231,0.393310546875
1877.0,-0.009970387133104856,0.00035631573095115665,1.5230460453166028,76.90791240918138,17740.82134154078,0.12667043864065403,0.63671875
1911.0,0.002266005525636446,-0.0004274302077639791,1.4937924602884787,0.020562137552114217,249.67515523894605,0.08419688435920586,0.60888671875
2166.0,0.002169188122660512,0.002410798023382732,1.4560080554253299,-0.15154890094229437,669.8108903296492,0.12791848369991235,0.5234375
2259.0,-1.0061833529067655e-06,0.0002094440706375822,0.4999763242758502,0.09947690603277637,770.0130861484774,0.19321309217830976,0.617919921875
1970.0,-0.0004784438239586391,0.0010327517409930986,0.2569327830254987,0.08328920625368791,621.6935184752751,0.3111910984684931,0.464111328125
2079.0,0.003599341998515947,0.002455603113753646,0.9790178253696359,1.0746217698888023,770.1111685858866,0.13579294273549933,0.322265625
1840.0,0.0024162182673182916,-0.0007733116807218526,1.2559616797290913,-0.009095728722239774,627.5867297370206,0.2104730062287483,0.609619140625
2139.0,-0.006608293632874091,-0.0012230595003518419,111.0443168006436,-0.035599278554618384,443.0723903601606,0.1318849470152257,0.45458984375
2012.0,-0.008444806842766122,0.0006774014644014212,1.7558052255995282,0.1997952605644772,796.2354112530915,0.13382623649202363,0.339599609375
1964.0,-0.0017038294990690548,-3.075086878925881e-06,0.46524032726371345,-0.06888659250374633,1549.358640602846,0.17873744005797088,0.47802734375
2175.0,0.00024718135943881895,0.001031667436751614,2.5201223496523535,-0.14379665241510906,1026.5074792800954,0.1317591665939257,0.57470703125
2126.0,-0.004409976264581263,0.002288197333398717,1.99811466235042,0.05330033369452058,677.7434195229782,0.18212882346515824,0.451171875
1965.0,-0.0008403291627457548,0.00010336975406442794,0.5171681163790808,0.07615711405806029,750.6360363080256,0.16963623392568292,0.467041015625
1880.0,0.0015736523090008753,0.0013284403723180654,0.9296264047787237,2.782220929128928,547.5347727393641,0.10640574281180072,0.656005859375
2080.0,0.0035056584647544563,0.002429435504057567,1.5744393539439414,0.31830639584993137,883.9606865586435,0.10695574932131983,0.345703125
1936.0,-0.0003774519873231751,0.00017580985499388024,0.616324599874895,0.002429378157470175,986.8012211639328,0.14896488269155062,0.551025390625
2140.0,-0.009882854832644927,-0.0010796579487273722,0.9526963003233234,-0.004234797132644471,337.26967518304883,0.1613983586101836,0.204345703125
1927.0,0.0016078412364501915,0.00019511266793492167,0.5618310890376145,0.0036560818423848384,971.2944353551369,0.1631947824576089,0.54443359375
2034.0,-0.0077987353178274425,-0.0006183432547884893,1.6566501866350656,119.86485811480951,36743.94423003387,0.09730968136696223,0.335693359375
2038.0,-0.01031077322706713,-0.0013086652671299524,2.2561683651175928,0.07203028960254425,770.3977266041888,0.22829629302348176,0.333251953125
2253.0,0.009068200829811827,0.006704506144771156,1.1240927793766478,496.2966298637169,267193.1473789782,0.19559456165181963,0.053466796875
1900.0,0.001971693096239988,0.0005197185135690594,0.32855778513685696,0.02798298350700812,456.1383167308222,0.26783824899217124,0.591064453125
2084.0,0.002880275887525723,0.0021284369849277895,1.4104357277720103,37.169545591619375,5126.869254149088,0.10176526805102107,0.359375
1912.0,0.0007825611976609875,-0.00043143404111542494,0.6756427089809887,0.0018205254483514206,251.94678754363122,0.13687503363542108,0.607421875
2167.0,0.0002944427734727002,0.0008785055918632198,1.6979823482971166,0.02596464841724737,364.47406185724947,0.13573760341725014,0.52490234375
1841.0,0.012888190242850428,0.0005846468789500424,2.224787191761318,0.00444129672491879,211.09641063205646,0.16004338574005858,0.611572265625
2030.0,-0.007346105636946116,-0.000678357021686643,0.7622041675110418,0.2070707101032054,1059.8422728022065,0.13974436169124943,0.34033203125
2143.0,0.0001977472591351381,-2.72872003567598e-05,1.8555433591883876,-0.08798576663260543,1126.413226449469,0.17360859879495483,0.494140625
1874.0,0.0030185125496572326,0.0014679218109355935,1.1666706201675796,17.914199185118242,3376.1440597874976,0.09476002112708341,0.633544921875
2242.0,0.001187118096449978,0.001978774305126746,0.8824241740526377,0.6143962239359615,734.3969355283261,0.1437615014705115,0.65478515625
2181.0,-0.02419943929082857,0.0010992765780236807,4.6366541327666155,0.021993336942209292,297.79893103048306,0.09954782446639578,0.586669921875
1839.0,0.0006221672802011039,-0.0003268787066754153,1.685609720614495,1.6613816425005945,1209.2655006498367,0.14259965901685262,0.609130859375
1882.0,0.0032249535893068347,0.0013229180102510285,1.0001104486636372,10.02537828570595,1489.469146287394,0.10529243123571652,0.654052734375
2186.0,0.006071586792850353,0.0013964743147688863,32.82279984738624,-0.0038425285242434178,285.6234195616771,0.025797451369703392,0.5673828125
2047.0,-0.005107805793877047,-0.0029900422117160597,1.1045588558768973,0.076922168063963,904.9937243569753,0.11476478014417178,0.298828125
2133.0,-0.008499121063163686,0.0018124024317157095,78.53642462724032,0.036016545189108656,891.218261705215,0.02387974532555826,0.439697265625
1991.0,-0.007242475402934793,-0.00014152958653291907,0.8937164838870496,0.4231986896096532,939.290020972339,0.16235191017771228,0.381103515625
1988.0,-0.003736079458485702,5.337086221773868e-06,2.6990987464335534,0.08654346971087469,764.4896856210738,0.08941632674677634,0.389404296875
2206.0,0.0024551853181648776,0.001247121043898746,0.8577497168664303,0.03561475877034372,307.07937651925675,0.11455997324597045,0.639892578125
2190.0,0.005323397095044742,0.0017041274685672715,6.701525722399631,0.005330040985712268,251.77445621201755,0.055257455336631886,0.5986328125
1977.0,-0.002070406462751152,0.0007208129669379892,0.23569069761398853,0.01786624905003739,1062.1081463625549,0.32541204838034543,0.44677734375
1879.0,0.0022777386872781264,0.0018016344462675124,1.0160580581221614,5.501254767009618,819.5364842586217,0.09962192256286917,0.658203125
2192.0,0.004166344936517896,0.001999297413956394,1.286614885588361,-0.04401402743063373,304.0809801671869,0.10153414486623448,0.5849609375
2203.0,0.0037816007247551513,0.0015481545946918196,1.0684904763803302,-0.023667055406530507,375.9404567921251,0.1139646395025669,0.630615234375
2075.0,0.005595034297086665,0.00243761077457072,1.3556513031294837,0.07387759247744088,773.9174835299701,0.10152927444607487,0.2373046875
2112.0,0.00031350580589858804,0.0017502604857557204,1.4976911499792167,0.049323683341564326,957.1238653399782,0.10496710452812599,0.399658203125
1895.0,-0.0009628937475308552,-0.0011939327105826708,0.5726754875849278,0.031493155908261954,352.3880014484872,0.14922576619222266,0.61181640625
1958.0,0.0008439009569680024,5.6100520249902086e-05,0.2517670241563454,0.09159089879752892,1308.3804703524222,0.3112076965665482,0.4658203125
1956.0,6.051160509251256e-07,-0.0003133729562832671,0.9911843004768429,-0.05025243408142019,1217.2704271398752,0.09948426985264242,0.4697265625
2228.0,0.0021689171326655494,0.0017461089353604242,0.9501731732985592,13.703881552638729,4841.549372244165,0.11082452595265141,0.632080078125
1972.0,-0.0020548827935945426,0.0007022956634041011,0.2704550746426062,0.04374912181715891,1253.1632928141755,0.28873785621414005,0.459228515625
2108.0,-0.0018584483400395167,0.002221555941614786,1.4882058574135943,0.055803552930351094,1340.751623119277,0.11905976848040167,0.397705078125
1904.0,0.0027780586940593854,0.0002089646751598992,0.6354114292655914,0.15023925180107064,501.33887981602777,0.13900657582194376,0.5966796875
2185.0,-0.00842725414190813,0.001003853664443194,49.940933186304854,0.01661507747080773,295.22443584002195,0.02324489550810263,0.567626953125
2180.0,0.005294756735956272,0.002041370291872735,1.624375887838851,-0.02028700370490315,285.4019729424417,0.08991230424331947,0.58642578125
2026.0,,,,134.91508294920945,42818.884742454444,,0.0
2145.0,0.0037858327036948782,-4.6161590182391965e-05,62.06931570428614,0.003141434037671546,928.335035027181,0.11369347607408258,0.498779296875
2204.0,0.0035750236538832562,0.0013085633266121666,0.9587967355903343,0.0011033983223145446,370.8444742541354,0.11023978594267618,0.636474609375
1974.0,0.00017097974550526804,-0.00013301762192884873,0.3705508226862265,0.07455334854201419,730.2927542393121,0.28771809721612657,0.4541015625
1907.0,0.0052551614524201,-0.00011132609975073038,0.8820274166749104,0.15292055062210066,280.3448591544144,0.12603608495443977,0.576904296875
1955.0,0.00015432650749067924,0.000785845389915274,0.8823682234689659,0.026981092489882175,958.9563203055793,0.11796780040531989,0.473388671875
2103.0,-0.0010133999556667201,0.0006848981680692631,1.538027729186637,-0.014901269252977927,1085.7093179557373,0.16992702771849882,0.367431640625
1914.0,0.00037110899206069156,-0.0003681394612379263,0.6810410606373053,-0.016405806761982902,281.79499806555424,0.1339977607500693,0.6044921875
2040.0,-0.004399416109194993,-0.0017611123829445324,1.524210729254069,0.6831709735813863,1216.1240923905361,0.20426640383094133,0.32861328125
1961.0,-0.0006613505978221895,-0.000403243893026331,0.22674788826844944,0.08405093458028709,1288.727685256805,0.325133497388338,0.457275390625
1968.0,-0.00015733541897714176,0.0009540709534242298,0.23359746310604407,0.022054771753344166,642.4882964202409,0.33176387404310387,0.4697265625
1865.0,0.006185233911365372,0.0023484884981928578,1.3096964740407038,7.924247016180451,2072.3643193189287,0.08721202697692645,0.63427734375
1973.0,-0.004540869390538191,-9.375345978721722e-05,0.24010276348600157,0.02782280896836903,596.2170780784404,0.33723400117672575,0.4560546875
1998.0,-0.00871528055198127,0.00120896840035032,0.28432790282498505,-0.04494994854300761,2015.354717945196,0.31914439606785905,0.371826171875
1921.0,-0.0005762590103537463,-0.0005218961781350562,0.7765576853213044,-0.0009762578112480149,332.06237141266115,0.131482524316402,0.552490234375
2249.0,0.0012960243135003752,0.0008755775292081658,1.0967896350625406,1.7346549682203143,2600.75602151684,0.10950060231341548,0.624755859375
1901.0,0.004624384504362275,0.0002208728219783157,0.8640055726974785,0.10798955091057635,388.1014193346646,0.13931518425738781,0.599365234375
1908.0,0.0016945144033130078,-0.0007369303612689247,1.8020163121447996,0.02289214069747187,237.67239970787486,0.09130200004396986,0.614013671875
2044.0,-0.0023624516451607545,-0.000898294933819474,1.4097171968932831,0.10405479044428545,1196.6077254300044,0.1633659118507916,0.30029296875
2105.0,0.005119904522146039,0.002083572964040603,23.14730335940847,0.24762139406687364,883.6221471377652,0.03302997244868932,0.3720703125
2049.0,-0.0028028488424563383,-0.0021500867104088384,1.385212921390826,0.00692363748653259,905.618794968305,0.15372109473496148,0.299560546875
1860.0,0.0022900460849917654,0.00016175339405642003,0.7567281396443596,66.33748434680511,12217.082703022332,0.1291134923837112,0.6298828125
1872.0,0.00229295915103055,0.001212012123398623,1.0499953127844728,13.576416682175172,2457.143527509565,0.10097846429425311,0.630126953125
2163.0,-0.016356292312416126,0.0007612481032202439,7.891987964834352,-0.06281949547564074,451.59674887465513,0.1592837670177204,0.523193359375
1887.0,-0.00048695875025998804,0.0004977867779671075,0.6340008792758101,2.176026208112606,418.0234689199269,0.13801832159691568,0.6484375
2172.0,0.006363199357702823,-0.0019360019214834517,264.61643956786816,0.020911299010786477,258.24788150091376,0.18035493434984418,0.5361328125
1892.0,0.0015420474494066399,-1.2108277759929897e-05,1.007831804107065,-0.0006362652013301588,183.26959821183556,0.1001643667946262,0.61767578125
2042.0,0.0003703360771853345,0.0009190050002674879,0.8290942998034081,0.027362754964234324,998.1918666195262,0.13083859081225954,0.3017578125
1929.0,0.0005712443583791913,-0.00022245110184681248,0.6201560036398912,-0.11892675337452017,915.3384004658726,0.14359731076294968,0.538818359375
1876.0,0.001110722048213384,0.0006030919976048738,0.921928728880686,78.89203914514474,18857.59008070947,0.11594083895873011,0.63037109375
2098.0,0.001087507633537089,0.0027170315687326946,2.829160267002069,48.351880041013345,8374.753261213917,0.06611199012863608,0.34228515625
1897.0,0.002854754802230802,-0.0010994216111978594,1.7453427714962997,-0.010083325520855023,306.71561827142733,0.08484602406271198,0.60791015625
1953.0,-0.002598518648374172,-0.0008579151302640919,0.31619228561300294,-0.05970302683651089,843.2551497304669,0.25590731802362093,0.4775390625
2076.0,0.006502268252191144,0.004737721786308852,1.8000895721331804,-0.07457574034760112,1083.1484297870945,0.10099367631240644,0.318603515625
2099.0,0.0036840676630600718,0.0029871860981598615,1.605887556083934,-0.05198714628843585,863.9521839070425,0.10451453479355997,0.358154296875
2110.0,0.0006623484968446555,0.0008231516179156074,1.4043682963089337,-0.29900391466851983,878.2721479843449,0.09469716685607078,0.384765625
2142.0,0.0006058768980184767,0.003157043998374652,1.4514505285586379,-0.08790293603136176,1799.8397383353374,0.1373763582733936,0.4619140625
1909.0,-0.0001684363694781927,-0.0007671925620006941,0.5678110431177436,-0.008714690148346945,276.26693351747264,0.14801814056760065,0.613037109375
2168.0,0.0005511505454464389,0.001042510147167136,1.3914283702564612,0.0007477819131922952,177.84205990411962,0.12830269014973322,0.52734375
1985.0,-0.00247288896844771,0.00030907103076230347,0.4291547068306542,0.2716284314537838,1695.1108050172552,0.215850049949114,0.398681640625
1837.0,0.00490137197124208,0.0014347965136022485,1.2592028866931677,-0.012053854806156283,859.7075835537088,0.19376043447716954,0.606689453125
2169.0,0.0030162112552126466,-0.000246400786742311,13.9411554661149,-0.0440754682974238,523.484224673724,0.034354171816719695,0.52880859375
2097.0,0.003974988445066636,0.0029880880544194133,1.5159890101382394,47.305938455834855,7993.196038761807,0.08717137645621244,0.365478515625
2111.0,0.0004923864345770876,0.0013256784680999029,1.464693208544674,0.08235553360364777,767.499463681236,0.12080448808501353,0.38671875
2194.0,0.0030331839097243484,0.00243285229103931,1.5081344801933119,0.5789207832807237,288.54451328360346,0.109534010485133,0.587158203125
1957.0,0.0017277015943342158,0.0013406802544160198,0.23052296338988976,-0.0041002975842568306,699.9639280524268,0.3416829798884505,0.46875
2263.0,-0.06569957306619116,0.040709678405144736,1.954901559139877,143.46017588468735,48252.042089588154,0.3001596592291981,0.00244140625
1875.0,0.0014094159404347923,0.0013723476393838197,1.259804088871907,3.5490789824022904,593.1368403900793,0.08626239306239189,0.630615234375
2121.0,-0.0009885719561363003,0.0018140931340294361,1.3071068183626062,-0.7027678467278236,1820.8354521350102,0.10003558767098776,0.438720703125
1995.0,-0.006378956463859218,-0.00040438147590170226,0.31341102884415717,0.049443075198833994,1310.9846283391507,0.3062752435504659,0.40380859375
2125.0,-0.00015797423528033982,0.0018370311676871448,1.5377199996000563,0.9646999867231408,2477.409240681433,0.11459125647541998,0.44921875
2073.0,0.0017418498982485306,-6.848986580376693e-05,1.8796206273202032,0.08287822933856188,1324.3073270094965,0.093304451355681,0.314453125
2205.0,0.002490642221188771,0.0015590815705001648,0.8656987082839721,0.0091377286224607,308.77240821478546,0.11922022579190877,0.638427734375
2220.0,0.00975427204982549,0.00529907982131618,2.1608867978170894,140.16745364166312,48966.320447958664,0.10731191578126041,0.12060546875
2015.0,-0.010008286410308345,-0.0019317696611445834,52.771143057443105,0.138791399445044,808.2414538081783,0.12526258352394765,0.33251953125
2135.0,0.00027068350370053557,0.0025933637737283535,1.32864519697096,-0.026836684829563532,1535.2420707849521,0.11790018069413512,0.473876953125
1870.0,0.002480978484462853,0.001157217907579805,1.0105568617133622,32.38195920039363,7359.371789080091,0.10238827123667657,0.6298828125
2174.0,-0.0044963638066151616,0.0012992734372896664,4.596367185266088,-0.027653557461077064,1021.8758344684852,0.117688767714207,0.571533203125
2193.0,0.008121750846772826,0.0026158819763585743,2.5053132690348883,-0.03370766587032443,700.2243016197983,0.10085617130101641,0.586669921875
1959.0,-0.0004762367120409423,-9.397075574688052e-05,0.4243081816114102,0.041889859081504596,1367.6863860432281,0.21687059921487026,0.46337890625
1994.0,-0.007297162402467412,-0.0003314295624683213,0.29688973579626055,99.17043685482368,23476.40593190303,0.3091938875355543,0.40576171875
2137.0,-0.02862629355342932,-0.004889308696472333,28.810789968203377,-0.014883943450054163,829.2472618169824,0.18671628590376513,0.450927734375
1903.0,0.002558306377744319,-0.00018474038492136136,0.5905580495203662,0.15603645716273626,337.4687416038671,0.15400042891445948,0.599365234375
1922.0,0.0024334390378136636,0.0006858481348413561,0.5942039270594258,-0.030661215512149544,635.7228446823306,0.15833598345057937,0.5546875
1884.0,-0.0019575178417078278,-0.0018683800427360987,1.880899355790045,12.943513323454175,5789.955229141206,0.11720790563675783,0.654052734375
2224.0,0.002869044448616588,0.0009427398135619172,1.1927779436207537,36.18272214785992,9480.799416031523,0.13204772166522,0.62939453125
1917.0,-0.024227765595978445,-0.00030739553260862584,1.962269283517388,0.32113250814927524,1593.0807955779153,0.12223978805746656,0.59375
2050.0,-0.029742667190038357,-0.0047267318971840055,6.524181652655553,1.4593165217965987,1373.3295423569857,0.19407212526964038,0.32080078125
1913.0,0.0005517154476792233,-0.0007082719389946146,0.7085030274360625,-0.022635720897397304,290.248996069605,0.13269252441253598,0.6044921875
2127.0,-0.0013339133749942949,0.00135815603779702,1.3021046959112204,1.3168368409421198,5055.187054203067,0.12069629397984977,0.4326171875
1971.0,-0.0007941238833813178,0.000755099148588222,0.24364546822279748,-0.000574247170237957,1027.7609496686114,0.324463933647493,0.46142578125
2048.0,-0.003755700723578998,-0.0015729712850188204,1.5061668545571054,-0.02384568386381658,1409.7464186922307,0.1681295931742175,0.299072265625
2182.0,0.0018882391082851756,0.0016938831493049783,1.7613858767839607,-0.0022270787252892427,290.41088618779315,0.12330981296778995,0.59130859375
1976.0,-0.0018401549781965946,0.0011247258046556859,0.24182791512055274,0.06315967325413666,1173.1901739371629,0.32776277829995426,0.44873046875
2093.0,0.003129335165612241,0.002021411982866546,1.6036574823294094,0.03299415077392182,1015.7742747421739,0.10612091050065142,0.37646484375
2096.0,0.004590334807216971,0.0032509897339717715,1.6738670951713788,-134.53096890030233,57107.86311995255,0.08656741100029582,0.328369140625
2235.0,0.0031499387778534814,0.0004301559182730355,1.1210237132367444,0.05935338545206402,242.26822280620547,0.1478929478811387,0.663330078125
1886.0,-0.000697832427958094,-0.0002686096076888189,0.8293497588176422,0.6552561033831241,356.991827848002,0.11534942450389742,0.651611328125
2086.0,0.0019122898644659022,0.0003722618800388322,2.4029482112517866,0.5076492737077876,6447.966979404133,0.08091208053961019,0.351806640625
2165.0,0.0014568711741778232,0.0007300645111197593,4.286413141462449,-0.17412077167528714,1403.25984173482,0.16509928366538096,0.518310546875
2100.0,-0.031147991420726925,-0.007668931129926367,477.27754052642683,0.03635320887900887,659.0670715623683,0.21571003227764027,0.343505859375
2177.0,0.018018221696399408,0.007193140550812931,2.347492918808335,75.65073380470776,33777.17711685451,0.08013282352969925,0.169921875
2016.0,-0.010059102423299288,0.00045342195386195716,3.8401677961553884,1.1916465325829986,788.0438548143643,0.2166011365960713,0.32861328125
2128.0,-0.0038169484167980185,0.002385841108581463,7.96962342121027,-0.13245200807010996,4328.078021993913,0.1115885599252103,0.423583984375
1925.0,0.0007692963030873112,0.0007366429517068687,0.5568401839222322,-0.02513973049275977,461.274625364259,0.15759542906027132,0.5478515625
1978.0,-0.001062215746511359,0.0011122565836338139,0.3182786469158711,-0.005302406019967762,1004.608766693386,0.27944025024323055,0.443359375
2094.0,0.00299880583365712,0.002400996090428653,1.4922318752273331,-0.05594182751774231,1119.3650757701153,0.11751713839882658,0.37841796875
2120.0,-0.0011238446903182706,0.0004752775057439325,1.360931265014744,-0.06306541489385316,1001.9442312319022,0.11217519756988414,0.437255859375
2231.0,0.0013293372068722113,0.0008979622879371485,1.1018500534627047,54.98916861895836,8593.948590493957,0.1349020826161901,0.635009765625
2058.0,0.011732600245310486,-0.006607114761367466,34.62409044655811,0.03375992690135921,1129.531834526261,0.16163422679355952,0.319091796875
2029.0,-0.011478775066363384,0.0002581901110045165,1.6781434890025715,1.5803173368206247,880.154926707575,0.2055756105174783,0.341796875
1975.0,0.0003549289929727548,0.0006885253676102154,0.27148814148097783,-0.014987203567284654,767.1387772128525,0.3235437165535193,0.451416015625
1926.0,0.0010250027751823785,-8.040373561556124e-05,0.643356773630914,-0.07540693460459398,698.878235183514,0.15030399592280164,0.5458984375
2230.0,0.0021023840577243953,0.0023432241073023385,1.4909562165041217,33.93899846134191,4180.129631073781,0.08348004717084354,0.634765625
1986.0,-0.0035289193492821108,-0.0014363795981659766,0.2793649940281958,-0.026907401934444675,709.4140707693168,0.3158215739031139,0.39599609375
1808.0,0.02315645037046367,0.0025762292348211445,24.208044205167624,-0.00956078386160337,822.1956334228762,0.060455363841849984,0.541259765625
1894.0,0.0008365399416057529,-0.0007469766546673584,0.6017853881135391,0.023085820933886246,277.4325657092381,0.14593870288798116,0.614990234375
1935.0,0.002202802834532398,0.000519152849160931,0.9650362065894904,0.03669624773029793,431.4086783486902,0.12126427833901465,0.491943359375
1960.0,0.00041390051496686394,-0.00022519130169812787,0.39688841524621926,-0.10441701651133616,3601.8753699941126,0.2043696408011593,0.4599609375
2059.0,-0.016671530872056136,-0.00487827384614334,118.16711840678835,-0.03020199584997464,859.2447690422306,0.16584791050791006,0.332275390625
2254.0,0.022620904778322612,0.013020099541581797,0.5072107000292609,-354.8259115608131,202523.7037777961,0.35958374823460915,0.052978515625
2200.0,0.0079141498221974,0.0018545637660084017,9.20450248201621,48.17614576199498,45949.02984092657,0.03678711845720717,0.518310546875
1905.0,0.003164311356997802,0.0003024306268616869,0.5912401751246068,0.27368859048505845,398.5640366251701,0.16100330716374026,0.59423828125
2051.0,0.0008069792775680704,-0.0002932040506962996,1.0219879742250801,-0.058692355358661186,2109.150609161032,0.12545470957560276,0.2841796875
2225.0,0.00047717057705035353,0.0008783457196425079,0.8472230189982042,57.01687025044918,11754.974213330679,0.1248853384118119,0.630615234375
